0;21.0;21.0
1;21.0000005912488;23.3312161836161
2;21.0000043506821;24.5438214341657
3;21.0000172316862;25.4583648737001
4;21.0000489868927;26.2446063806813
5;21.0001123910249;26.9648803838351
6;21.000221735562;27.6488137351215
7;21.0003912502828;28.3119198520044
8;21.0006338982872;28.9626272985482
9;21.0009606931295;29.6055832313267
10;21.0013804789697;30.2433662048209
11;21.0019000292317;30.8774117867264
12;21.0025243177408;31.5085213567744
13;21.0032568519192;32.1371437552325
14;21.0040999994138;32.7635316570817
15;21.0050552734199;33.387828512844
16;21.0061235646068;34.0101169227068
17;21.007305320467;34.630445566348
18;21.0086006789978;35.2488442016763
19;21.010009565567;35.8653320223137
20;21.0115317615451;36.4799223167449
21;21.0131669520578;37.0926250670755
22;21.0149147587159;37.7034483993869
23;21.0167747617672;38.312399393685
24;21.0187465149299;38.9194845365304
25;21.0208295552349;39.5247099741827
26;21.0230234095028;40.1280816543013
27;21.0253275985779;40.729605405344
28;21.0277416400779;41.3292869811088
29;21.0302650501694;41.927132085757
30;21.0328973447085;42.5231463878971
31;21.0356380399696;43.1173355285309
32;21.0384866531087;43.7097051255531
33;21.0414427024561;44.3002607763126
34;21.0445057077003;44.8890080590818
35;21.0476751900017;45.4759525339118
36;21.0509506720633;46.0610997431393
37;21.0543316781724;46.6444552116972
38;21.0578177342251;47.2260244473137
39;21.0614083677401;47.805812940649
40;21.0651031078644;48.3838261653947
41;21.0689014853758;48.9600695783532
42;21.072803032682;49.5345486195059
43;21.0768072838181;50.1072687120731
44;21.0809137744434;50.6782352625717
45;21.0851220418368;51.2474536608689
46;21.0894316248924;51.8149292802358
47;21.093842064115;52.3806674773991
48;21.0983529016146;52.944673592593
49;21.102963681102;53.50695294961
50;21.1076739478831;54.0675108558521
51;21.1124832488544;54.626352602381
52;21.1173911324974;55.1834834639692
53;21.1223971488736;55.7389086991494
54;21.1275008496198;56.2926335502651
55;21.1327017879424;56.8446632435203
56;21.1379995186128;57.3950029890294
57;21.1433935979621;57.9436579808663
58;21.1488835838761;58.4906333971147
59;21.1544690357905;59.0359343999162
60;21.1601495146853;59.5795661355205
61;21.1659245830805;60.1215337343337
62;21.1717938050306;60.6618423109675
63;21.1777567461198;61.2004969642873
64;21.1838129734572;61.7375027774616
65;21.1899620556717;62.2728648180094
66;21.196203562907;62.8065881378491
67;21.2025370668167;63.3386777733462
68;21.2089621405598;63.8691387453614
69;21.2154783587953;64.3979760592982
70;21.2220852976776;64.9251947051507
71;21.2287825348516;65.4507996575511
72;21.2355696494479;65.9747958758167
73;21.242446222078;66.4971883039975
74;21.2494118348293;67.0179818709229
75;21.2564660712608;67.5371814902487
76;21.2636085163975;68.054792060504
77;21.2708387567268;68.5708184651376
78;21.2781563801924;69.0852655725646
79;21.285560976191;69.5981382362126
80;21.2930521355662;70.1094412945678
81;21.3006294506049;70.6191795712213
82;21.3082925150322;71.127357874915
83;21.3160409240065;71.6339809995867
84;21.3238742741151;72.1390537244167
85;21.3317921633698;72.6425808138725
86;21.3397941912016;73.1445670177545
87;21.347879958457;73.6450170712408
88;21.3560490673925;74.1439356949328
89;21.3643011216706;74.6413275948999
90;21.3726357263551;75.1371974627237
91;21.3810524879065;75.6315499755438
92;21.3895510141773;76.124389796101
93;21.3981309144079;76.6157215727828
94;21.4067917992218;77.1055499396667
95;21.415533280621;77.5938795165647
96;21.424354971982;78.0807149090676
97;21.4332564880506;78.5660607085879
98;21.4422374449383;79.0499214924045
99;21.451297460117;79.5323018237055
100;21.4604361524152;80.0132062516318
101;21.4696531420135;80.4926393113207
102;21.47894805044;80.9706055239486
103;21.488320500566;81.4471093967742
104;21.4977701166015;81.9221554231814
105;21.5072965240914;82.3957480827221
106;21.5168993499103;82.8678918411585
107;21.5265782222589;83.338591150506
108;21.5363327706593;83.8078504490753
109;21.5461626259509;84.2756741615146
110;21.556067420286;84.7420666988519
111;21.5660467871256;85.2070324585366
112;21.5761003612348;85.6705758244819
113;21.5862277786794;86.1327011671058
114;21.5964286768205;86.5934128433731
115;21.6067026943115;87.0527151968372
116;21.6170494710928;87.5106125576802
117;21.6274686483884;87.9671092427556
118;21.6379598687012;88.4222095556282
119;21.6485227758094;88.8759177866157
120;21.6591570147617;89.3282382128291
121;21.6698622318735;89.7791750982139
122;21.6806380747229;90.2287326935899
123;21.6914841921463;90.6769152366923
124;21.7024002342344;91.1237269522118
125;21.7133858523282;91.5691720518347
126;21.7244406990149;92.0132547342831
127;21.7355644281237;92.4559791853545
128;21.7467566947219;92.8973495779622
129;21.7580171551108;93.3373700721744
130;21.7693454668218;93.7760448152542
131;21.7807412886121;94.2133779416989
132;21.792204280461;94.6493735732792
133;21.8037341035658;95.0840358190785
134;21.8153304203378;95.517368775532
135;21.8269928943982;95.9493765264659
136;21.8387211905746;96.3800631431356
137;21.8505149748966;96.8094326842652
138;21.8623739145921;97.2374891960854
139;21.8742976780834;97.6642367123726
140;21.8862859349831;98.089679254487
141;21.8983383560905;98.5138208314104
142;21.9104546133875;98.9366654397853
143;21.9226343800349;99.3582170639522
144;21.9348773303683;99.7784796759874
145;21.9471831398947;100.197457235741
146;21.9595514852883;100.615153690876
147;21.9719820443867;101.031572976903
148;21.9844744961873;101.446719017218
149;21.9970285208433;101.860595723144
150;22.0096437996602;102.273206993963
151;22.0223200150918;102.684556716955
152;22.0350568507364;103.094648767436
153;22.0478539913332;103.503487008792
154;22.0607111227587;103.911075292521
155;22.0736279320227;104.317417458263
156;22.0866041072647;104.722517333841
157;22.0996393377502;105.126378735298
158;22.1127333138672;105.529005466928
159;22.1258857271222;105.93040132132
160;22.1390962701367;106.330570079385
161;22.1523646366436;106.729515510401
162;22.1656905214837;107.127241372042
163;22.1790736206015;107.523751410416
164;22.1925136310424;107.919049360105
165;22.2060102509484;108.31313894419
166;22.2195631795549;108.706023874299
167;22.233172117187;109.097707850633
168;22.2468367652559;109.488194562004
169;22.2605568262554;109.877487685872
170;22.2743320037584;110.265590888378
171;22.2881620024133;110.652507824378
172;22.3020465279403;111.038242137482
173;22.3159852871282;111.422797460082
174;22.329977987831;111.806177413394
175;22.3440243389636;112.188385607485
176;22.3581240504995;112.569425641313
177;22.3722768334664;112.94930110276
178;22.3864823999431;113.328015568664
179;22.400740463056;113.705572604855
180;22.4150507369759;114.081975766187
181;22.4294129369141;114.457228596576
182;22.4438267791195;114.831334629027
183;22.4582919808746;115.204297385675
184;22.4728082604928;115.576120377813
185;22.4873753373146;115.946807105926
186;22.5019929317041;116.316361059729
187;22.5166607650461;116.684785718195
188;22.5313785597424;117.052084549588
189;22.5461460392085;117.418261011501
190;22.5609629278703;117.783318550883
191;22.5758289511609;118.147260604078
192;22.5907438355173;118.51009059685
193;22.6057073083767;118.871811944423
194;22.6207190981738;119.232428051507
195;22.6357789343372;119.591942312338
196;22.6508865472859;119.950358110702
197;22.6660416684268;120.307678819972
198;22.6812440301505;120.663907803141
199;22.6964933658288;121.01904841285
200;22.7117894098113;121.373103991422
201;22.7271318974218;121.726077870896
202;22.7425205649556;122.077973373054
203;22.7579551496761;122.428793809456
204;22.7734353898116;122.77854248147
205;22.7889610245521;123.127222680306
206;22.8045317940462;123.474837687043
207;22.820147439398;123.821390772663
208;22.8358077026638;124.166885198082
209;22.8515123268491;124.511324214179
210;22.8672610559052;124.854711061831
211;22.8830536347268;125.19704897194
212;22.8988898091479;125.538341165465
213;22.9147693259395;125.878590853451
214;22.9306919328062;126.217801237064
215;22.9466573783831;126.555975507618
216;22.9626654122327;126.893116846604
217;22.9787157848421;127.229228425723
218;22.9948082476197;127.564313406918
219;23.0109425528922;127.898374942397
220;23.0271184539018;128.231416174671
221;23.0433357048028;128.563440236578
222;23.0595940606589;128.894450251317
223;23.0758932774401;129.224449332474
224;23.0922331120197;129.553440584053
225;23.1086133221714;129.881427100509
226;23.1250336665661;130.208411966771
227;23.1414939047693;130.534398258277
228;23.1579937972378;130.859389040998
229;23.1745331053169;131.183387371472
230;23.1911115912376;131.506396296832
231;23.2077290181136;131.828418854833
232;23.2243851499381;132.14945807388
233;23.2410797515813;132.469516973063
234;23.2578125887875;132.788598562177
235;23.2745834281716;133.106705841758
236;23.2913920372172;133.423841803108
237;23.3082381842729;133.740009428322
238;23.3251216385498;134.055211690322
239;23.3420421701186;134.36945155288
240;23.3589995499069;134.682731970645
241;23.3759935496961;134.995055889179
242;23.3930239421187;135.306426244976
243;23.4100905006556;135.616845965495
244;23.4271929996332;135.926317969189
245;23.4443312142203;136.234845165526
246;23.461504920426;136.542430455024
247;23.4787138950964;136.849076729276
248;23.4959579159118;137.154786870975
249;23.5132367613843;137.459563753946
250;23.5305502108548;137.763410243169
251;23.5478980444902;138.066329194808
252;23.5652800432809;138.368323456241
253;23.582695989038;138.669395866081
254;23.6001456643903;138.969549254208
255;23.617628852782;139.268786441794
256;23.6351453384698;139.567110241331
257;23.6526949065202;139.864523456654
258;23.6702773428068;140.161028882974
259;23.6878924340077;140.456629306898
260;23.7055399676029;140.751327506461
261;23.7232197318715;141.045126251148
262;23.7409315158891;141.338028301923
263;23.758675109525;141.630036411255
264;23.77645030344;141.921153323143
265;23.7942568890832;142.211381773143
266;23.8120946586901;142.500724488394
267;23.8299634052792;142.789184187643
268;23.84786292265;143.076763581272
269;23.8657930053801;143.363465371324
270;23.8837534488227;143.649292251526
271;23.901744049104;143.934246907319
272;23.9197646031209;144.21833201588
273;23.937814908538;144.501550246147
274;23.9558947637852;144.78390425885
275;23.9740039680554;145.065396706528
276;23.9921423213018;145.34603023356
277;24.0103096242352;145.625807476191
278;24.0285056783218;145.90473106255
279;24.0467302857803;146.182803612683
280;24.06498324958;146.460027738575
281;24.0832643734376;146.736406044171
282;24.1015734618152;147.011941125407
283;24.1199103199177;147.286635570232
284;24.1382747536903;147.56049195863
285;24.156666569816;147.833512862649
286;24.1750855757132;148.105700846423
287;24.1935315795332;148.377058466196
288;24.2120043901579;148.647588270347
289;24.2305038171972;148.917292799416
290;24.2490296709868;149.186174586125
291;24.2675817625854;149.454236155404
292;24.2861599037726;149.721480024413
293;24.3047639070466;149.98790870257
294;24.3233935856215;150.25352469157
295;24.342048753425;150.518330485413
296;24.3607292250961;150.782328570424
297;24.3794348159827;151.04552142528
298;24.3981653421394;151.307911521031
299;24.4169206203248;151.569501321124
300;24.4357004679994;151.830293281429
301;24.4545047033233;152.090289850257
302;24.4733331451534;152.349493468389
303;24.4921856130419;152.607906569096
304;24.5110619272334;152.865531578163
305;24.5299619086624;153.122370913911
306;24.5488853789517;153.378426987221
307;24.5678321604096;153.633702201559
308;24.5868020760276;153.888198952993
309;24.6057949494784;154.141919630223
310;24.6248106051135;154.394866614597
311;24.6438488679606;154.647042280138
312;24.662909563722;154.898448993566
313;24.6819925187718;155.149089114318
314;24.7010975601541;155.398964994575
315;24.7202245155801;155.648078979279
316;24.7393732134266;155.896433406159
317;24.7585434827333;156.144030605752
318;24.7777351532009;156.390872901425
319;24.7969480551886;156.636962609396
320;24.816182019712;156.882302038761
321;24.8354368784411;157.126893491509
322;24.8547124636978;157.370739262547
323;24.8740086084539;157.613841639724
324;24.893325146329;157.856202903851
325;24.9126619115879;158.097825328719
326;24.9320187391392;158.338711181127
327;24.9513954645324;158.5788627209
328;24.9707919239562;158.818282200911
329;24.9902079542362;159.056971867101
330;25.0096433928327;159.294933958504
331;25.0290980778387;159.532170707264
332;25.0485718479778;159.768684338659
333;25.0680645426021;160.004477071123
334;25.0875760016898;160.239551116262
335;25.1071060658435;160.473908678883
336;25.1266545762878;160.707551957006
337;25.1462213748675;160.940483141892
338;25.1658063040453;161.172704418061
339;25.1854092068997;161.404217963313
340;25.2050299271232;161.635025948746
341;25.2246683090199;161.865130538783
342;25.2443241975037;162.094533891188
343;25.2639974380961;162.323238157084
344;25.2836878769244;162.551245480982
345;25.3033953607193;162.778558000792
346;25.3231197368131;163.005177847849
347;25.3428608531377;163.231107146933
348;25.3626185582225;163.456348016285
349;25.3823927011925;163.680902567632
350;25.4021831317662;163.904772906206
351;25.4219897002534;164.127961130761
352;25.4418122575538;164.350469333596
353;25.4616506551545;164.572299600574
354;25.481504745128;164.793454011141
355;25.5013743801306;165.013934638349
356;25.5212594134004;165.233743548871
357;25.5411596987548;165.452882803022
358;25.5610750905893;165.671354454782
359;25.581005443875;165.889160551812
360;25.6009506141569;166.106303135473
361;25.620910457552;166.322784240849
362;25.6408848307471;166.538605896764
363;25.6608735909973;166.753770125798
364;25.6808765961237;166.968278944315
365;25.7008937045119;167.182134362473
366;25.7209247751095;167.395338384247
367;25.7409696674248;167.607893007451
368;25.7610282415247;167.81980022375
369;25.7811003580326;168.031062018687
370;25.8011858781269;168.241680371693
371;25.8212846635388;168.451657256115
372;25.8413965765507;168.660994639227
373;25.8615214799941;168.869694482255
374;25.8816592372479;169.077758740389
375;25.9018097122366;169.285189362809
376;25.9219727694281;169.491988292696
377;25.9421482738326;169.698157467257
378;25.9623360909997;169.903698817741
379;25.9825360870178;170.108614269453
380;26.0027481285113;170.312905741781
381;26.0229720826391;170.516575148205
382;26.0432078170931;170.719624396324
383;26.0634552000961;170.922055387868
384;26.0837141003997;171.123870018715
385;26.1039843872833;171.325070178917
386;26.1242659305517;171.525657752708
387;26.1445586005334;171.72563461853
388;26.1648622680791;171.925002649047
389;26.1851768045597;172.123763711162
390;26.2055020818645;172.321919666037
391;26.2258379723996;172.51947236911
392;26.2461843490862;172.716423670112
393;26.2665410853586;172.912775413084
394;26.2869080551626;173.108529436398
395;26.3072851329539;173.30368757277
396;26.3276721936963;173.49825164928
397;26.3480691128596;173.692223487388
398;26.3684757664186;173.885604902953
399;26.3888920308507;174.078397706248
400;26.4093177831348;174.270603701981
401;26.4297529007489;174.462224689307
402;26.4501972616691;174.653262461849
403;26.4706507443676;174.843718807713
404;26.4911132278108;175.033595509507
405;26.5115845914581;175.222894344355
406;26.5320647152599;175.411617083918
407;26.5525534796559;175.599765494405
408;26.5730507655737;175.787341336595
409;26.5935564544268;175.974346365854
410;26.6140704281134;176.160782332145
411;26.6345925690142;176.346650980054
412;26.6551227599913;176.531954048798
413;26.6756608843862;176.716693272247
414;26.6962068260183;176.900870378938
415;26.7167604691831;177.084487092094
416;26.737321698651;177.267545129636
417;26.7578903996653;177.450046204204
418;26.7784664579407;177.63199202317
419;26.7990497596617;177.813384288656
420;26.8196401914812;177.994224697548
421;26.8402376405182;178.174514941516
422;26.8608419943574;178.354256707026
423;26.8814531410465;178.533451675358
424;26.9020709690952;178.712101522623
425;26.9226953674733;178.890207919775
426;26.9433262256097;179.067772532632
427;26.9639634333901;179.244797021889
428;26.984606881156;179.421283043133
429;27.0052564597029;179.597232246859
430;27.0259120602786;179.77264627849
431;27.0465735745821;179.947526778386
432;27.0672408947618;180.121875381863
433;27.0879139134138;180.29569371921
434;27.1085925235807;180.468983415702
435;27.1292766187498;180.641746091614
436;27.1499660928519;180.813983362242
437;27.1706608402592;180.985696837913
438;27.1913607557847;181.156888124002
439;27.2120657346798;181.327558820948
440;27.2327756726332;181.497710524269
441;27.2534904657696;181.667344824576
442;27.2742100106477;181.836463307589
443;27.2949342042593;182.005067554153
444;27.3156629440273;182.173159140251
445;27.3363961278044;182.34073963702
446;27.357133653872;182.507810610765
447;27.3778754209381;182.674373622978
448;27.3986213281361;182.840430230345
449;27.4193712750238;183.00598198477
450;27.440125161581;183.171030433381
451;27.4608828882091;183.335577118551
452;27.4816443557287;183.499623577911
453;27.5024094653789;183.663171344362
454;27.5231781188154;183.826221946094
455;27.5439502181094;183.988776906595
456;27.5647256657459;184.150837744672
457;27.5855043646224;184.31240597446
458;27.6062862180476;184.473483105438
459;27.6270711297397;184.634070642446
460;27.6478590038253;184.794170085695
461;27.6686497448377;184.953782930783
462;27.689443257716;185.112910668712
463;27.710239447803;185.271554785896
464;27.7310382208443;185.429716764182
465;27.751839482987;185.587398080859
466;27.7726431407777;185.744600208675
467;27.7934491011621;185.901324615848
468;27.8142572714825;186.057572766084
469;27.8350675594774;186.213346118587
470;27.8558798732796;186.368646128076
471;27.876694121415;186.523474244795
472;27.8975102128013;186.677831914532
473;27.9183280567465;186.831720578629
474;27.9391475629477;186.985141673994
475;27.9599686414896;187.13809663312
476;27.9807912028434;187.290586884096
477;28.0016151578652;187.442613850618
478;28.0224404177949;187.594178952007
479;28.0432668942549;187.745283603219
480;28.0640944992484;187.89592921486
481;28.0849231451584;188.046117193201
482;28.1057527447466;188.195848940186
483;28.1265832111515;188.345125853452
484;28.1474144578876;188.493949326338
485;28.168246398844;188.642320747899
486;28.1890789482829;188.790241502919
487;28.2099120208385;188.937712971927
488;28.2307455315157;189.084736531205
489;28.2515793956887;189.231313552805
490;28.2724135290999;189.377445404562
491;28.2932478478586;189.523133450105
492;28.3140822684394;189.668379048869
493;28.3349167076814;189.813183556113
494;28.3557510827868;189.957548322927
495;28.3765853113194;190.101474696249
496;28.3974193112036;190.244964018876
497;28.4182530007233;190.388017629475
498;28.4390862985201;190.5306368626
499;28.4599191235925;190.672823048702
500;28.4807513952948;190.81457751414
501;28.5015830333353;190.9559015812
502;28.5224139577756;191.096796568098
503;28.5432440890291;191.237263788999
504;28.5640733478599;191.377304554031
505;28.5849016553815;191.516920169292
506;28.6057289330557;191.656111936865
507;28.6265551026912;191.794881154831
508;28.6473800864426;191.93322911728
509;28.6682038068091;192.071157114324
510;28.6890261866334;192.208666432111
511;28.7098471491003;192.345758352832
512;28.7306666177356;192.482434154739
513;28.7514845164051;192.618695112155
514;28.7723007693132;192.754542495483
515;28.7931153010017;192.889977571225
516;28.8139280363488;193.025001601985
517;28.8347389005679;193.15961584649
518;28.8555478192064;193.293821559596
519;28.8763547181442;193.427619992302
520;28.8971595235933;193.561012391761
521;28.9179621620959;193.694000001294
522;28.9387625605237;193.826584060397
523;28.9595606460765;193.958765804761
524;28.9803563462811;194.090546466274
525;29.0011495889906;194.221927273039
526;29.0219403023823;194.352909449386
527;29.0427284149577;194.483494215879
528;29.0635138555404;194.613682789332
529;29.0842965532757;194.743476382818
530;29.1050764376289;194.872876205681
531;29.1258534383847;195.001883463549
532;29.1466274856457;195.130499358343
533;29.1673985098314;195.258725088292
534;29.1881664416773;195.386561847939
535;29.2089312122334;195.514010828157
536;29.2296927528633;195.641073216158
537;29.2504509952435;195.767750195507
538;29.2712058713613;195.894042946129
539;29.291957313515;196.019952644324
540;29.3127052543117;196.145480462773
541;29.3334496266668;196.270627570559
542;29.3541903638028;196.395395133165
543;29.3749273992481;196.519784312497
544;29.3956606668363;196.643796266888
545;29.4163901007046;196.767432151109
546;29.4371156352932;196.890693116386
547;29.4578372053438;197.013580310402
548;29.4785547458991;197.136094877318
549;29.4992681923012;197.258237957773
550;29.5199774801908;197.380010688904
551;29.5406825455062;197.501414204353
552;29.5613833244822;197.622449634275
553;29.582079753649;197.743118105355
554;29.6027717698311;197.863420740814
555;29.6234593101467;197.983358660421
556;29.6441423120059;198.102932980503
557;29.6648207131104;198.222144813956
558;29.6854944514521;198.340995270259
559;29.7061634653122;198.459485455476
560;29.7268276932602;198.577616472276
561;29.7474870741526;198.695389419938
562;29.7681415471324;198.812805394362
563;29.7887910516277;198.92986548808
564;29.8094355273507;199.046570790269
565;29.8300749142971;199.162922386755
566;29.8507091527444;199.278921360029
567;29.8713381832516;199.394568789257
568;29.8919619466579;199.509865750285
569;29.9125803840817;199.624813315656
570;29.9331934369195;199.739412554615
571;29.9538010468453;199.853664533123
572;29.9744031558093;199.967570313862
573;29.994999706037;200.081130956253
574;30.0155906400281;200.194347516457
575;30.0361759005559;200.307221047392
576;30.0567554306659;200.41975259874
577;30.0773291736753;200.531943216956
578;30.0978970731715;200.643793945282
579;30.1184590730115;200.755305823751
580;30.1390151173209;200.866479889202
581;30.159565150493;200.977317175288
582;30.1801091171876;201.087818712485
583;30.2006469623304;201.197985528103
584;30.2211786311117;201.307818646294
585;30.2417040689857;201.417319088066
586;30.2622232216696;201.526487871285
587;30.2827360351425;201.635326010694
588;30.3032424556445;201.743834517915
589;30.323742429676;201.852014401462
590;30.3442359039963;201.95986666675
591;30.3647228256233;202.067392316107
592;30.3852031418321;202.174592348778
593;30.4056768001541;202.281467760938
594;30.4261437483765;202.388019545703
595;30.446603934541;202.494248693137
596;30.467057306943;202.60015619026
597;30.4875038141307;202.705743021061
598;30.5079434049043;202.811010166506
599;30.528376028315;202.915958604545
600;30.5488016336641;203.020589310124
601;30.569220170502;203.124903255196
602;30.5896315886278;203.228901408722
603;30.6100358380876;203.332584736692
604;30.6304328691745;203.435954202124
605;30.6508226324271;203.539010765078
606;30.6712050786288;203.641755382666
607;30.691580158807;203.744189009056
608;30.7119478242322;203.846312595488
609;30.7323080264171;203.948127090277
610;30.7526607171157;204.049633438825
611;30.7730058483225;204.150832583629
612;30.7933433722716;204.251725464292
613;30.813673241436;204.352313017529
614;30.8339954085266;204.452596177176
615;30.8543098264911;204.552575874202
616;30.8746164485137;204.652253036714
617;30.8949152280139;204.75162858997
618;30.9152061186456;204.850703456383
619;30.9354890742965;204.949478555534
620;30.9557640490872;205.047954804176
621;30.9760309973702;205.146133116249
622;30.9962898737293;205.244014402883
623;31.0165406329785;205.34159957241
624;31.0367832301614;205.438889530371
625;31.0570176205504;205.535885179524
626;31.0772437596456;205.632587419857
627;31.0974616031743;205.728997148589
628;31.1176711070901;205.825115260185
629;31.1378722275717;205.920942646362
630;31.1580649210229;206.016480196098
631;31.178249144071;206.111728795638
632;31.1984248535664;206.206689328506
633;31.2185920065817;206.301362675514
634;31.2387505604109;206.395749714763
635;31.2589004725686;206.489851321661
636;31.2790417007894;206.583668368925
637;31.2991742030266;206.677201726592
638;31.319297937452;206.770452262024
639;31.3394128624547;206.863420839922
640;31.3595189366406;206.956108322328
641;31.3796161188313;207.048515568638
642;31.3997043680637;207.140643435606
643;31.4197836435889;207.232492777356
644;31.4398539048716;207.324064445389
645;31.4599151115893;207.415359288587
646;31.4799672236315;207.506378153227
647;31.5000102010988;207.597121882988
648;31.5200440043026;207.687591318953
649;31.5400685937637;207.777787299625
650;31.5600839302121;207.867710660931
651;31.5800899745859;207.95736223623
652;31.6000866880306;208.046742856319
653;31.6200740318985;208.135853349448
654;31.6400519677478;208.224694541318
655;31.6600204573419;208.313267255096
656;31.6799794626486;208.401572311422
657;31.6999289458397;208.489610528412
658;31.7198688692896;208.577382721673
659;31.7397991955752;208.664889704304
660;31.7597198874748;208.752132286908
661;31.7796309079675;208.839111277597
662;31.7995322202324;208.925827482003
663;31.819423787648;209.012281703282
664;31.8393055737914;209.098474742123
665;31.8591775424374;209.184407396756
666;31.8790396575583;209.270080462962
667;31.8988918833224;209.355494734073
668;31.918734184094;209.440651000989
669;31.9385665244323;209.525550052179
670;31.9583888690909;209.610192673688
671;31.9782011830169;209.694579649153
672;31.9980034313503;209.778711759797
673;32.0177955794233;209.86258978445
674;32.0375775927594;209.946214499546
675;32.0573494370731;210.029586679136
676;32.077111078269;210.112707094894
677;32.0968624824408;210.195576516123
678;32.1166036158712;210.278195709764
679;32.1363344450307;210.360565440403
680;32.1560549365772;210.442686470279
681;32.1757650573553;210.524559559286
682;32.1954647743954;210.60618546499
683;32.2151540549131;210.687564942626
684;32.2348328663089;210.768698745111
685;32.2545011761669;210.849587623051
686;32.2741589522546;210.930232324746
687;32.2938061625219;211.010633596197
688;32.3134427751009;211.090792181117
689;32.3330687583046;211.170708820932
690;32.3526840806266;211.250384254794
691;32.3722887107407;211.329819219582
692;32.3918826174995;211.409014449915
693;32.4114657699345;211.487970678154
694;32.431038137255;211.566688634414
695;32.4505996888476;211.645169046564
696;32.4701503942754;211.723412640242
697;32.4896902232776;211.801420138854
698;32.5092191457686;211.879192263588
699;32.5287371318376;211.956729733415
700;32.5482441517477;212.0340332651
701;32.5677401759355;212.111103573205
702;32.5872251750102;212.1879413701
703;32.6066991197532;212.264547365967
704;32.6261619811173;212.340922268806
705;32.6456137302262;212.417066784445
706;32.6650543383738;212.492981616545
707;32.6844837770236;212.568667466603
708;32.7039020178078;212.644125033966
709;32.7233090325274;212.719355015831
710;32.7427047931507;212.794358107257
711;32.7620892718131;212.869135001165
712;32.7814624408167;212.943686388352
713;32.8008242726293;213.018012957493
714;32.8201747398839;213.092115395147
715;32.8395138153781;213.165994385767
716;32.8588414720736;213.239650611704
717;32.8781576830955;213.313084753213
718;32.8974624217315;213.386297488462
719;32.9167556614317;213.459289493536
720;32.9360373758078;213.532061442443
721;32.9553075386322;213.604614007124
722;32.9745661238379;213.676947857456
723;32.9938131055178;213.74906366126
724;33.0130484579237;213.820962084304
725;33.0322721554661;213.892643790316
726;33.0514841727137;213.964109440983
727;33.0706844843923;214.035359695963
728;33.0898730653848;214.106395212887
729;33.1090498907301;214.177216647369
730;33.128214935623;214.247824653007
731;33.1473681754133;214.318219881397
732;33.1665095856052;214.38840298213
733;33.185639141857;214.458374602806
734;33.2047568199801;214.528135389035
735;33.2238625959389;214.597685984448
736;33.24295644585;214.667027030695
737;33.2620383459815;214.736159167462
738;33.2811082727526;214.805083032467
739;33.3001662027331;214.873799261473
740;33.3192121126426;214.942308488289
741;33.3382459793502;215.01061134478
742;33.3572677798737;215.078708460871
743;33.3762774913792;215.146600464553
744;33.3952750911806;215.214287981891
745;33.4142605567387;215.281771637024
746;33.4332338656612;215.34905205218
747;33.4521949957015;215.416129847674
748;33.4711439247588;215.483005641918
749;33.490080630877;215.549680051425
750;33.5090050922446;215.616153690816
751;33.5279172871939;215.682427172825
752;33.5468171942003;215.748501108306
753;33.5657047918822;215.814376106238
754;33.5845800590002;215.88005277373
755;33.6034429744566;215.945531716028
756;33.6222935172948;216.01081353652
757;33.6411316666988;216.075898836741
758;33.6599574019927;216.140788216383
759;33.6787707026404;216.205482273293
760;33.6975715482444;216.269981603485
761;33.7163599185462;216.334286801146
762;33.7351357934249;216.398398458635
763;33.7538991528972;216.462317166495
764;33.7726499771168;216.526043513457
765;33.7913882463738;216.589578086445
766;33.8101139410942;216.65292147058
767;33.8288270418393;216.716074249188
768;33.8475275293055;216.779037003806
769;33.8662153843232;216.841810314184
770;33.8848905878571;216.904394758295
771;33.9035531210049;216.966790912337
772;33.9222029649973;217.028999350738
773;33.9408401011972;217.091020646166
774;33.9594645110996;217.15285536953
775;33.9780761763305;217.214504089987
776;33.9966750786469;217.275967374947
777;34.0152611999361;217.337245790079
778;34.0338345222154;217.398339899316
779;34.052395027631;217.459250264861
780;34.0709426984584;217.519977447191
781;34.0894775171012;217.580522005062
782;34.1079994660909;217.640884495518
783;34.1265085280864;217.70106547389
784;34.1450046858735;217.761065493808
785;34.1634879223643;217.820885107202
786;34.1819582205969;217.880524864307
787;34.2004155637349;217.939985313671
788;34.2188599350667;217.999267002158
789;34.2372913180052;218.058370474955
790;34.2557096960873;218.117296275574
791;34.2741150529735;218.176044945861
792;34.2925073724472;218.234617025999
793;34.3108866384146;218.293013054513
794;34.3292528349036;218.351233568275
795;34.3476059460642;218.40927910251
796;34.3659459561673;218.467150190802
797;34.3842728496044;218.524847365097
798;34.4025866108874;218.582371155706
799;34.420887224648;218.639722091318
800;34.4391746756371;218.696900698996
801;34.4574489487244;218.753907504186
802;34.4757100288981;218.810743030723
803;34.4939579012642;218.867407800835
804;34.5121925510463;218.923902335146
805;34.530413963585;218.980227152685
806;34.5486221243374;219.036382770885
807;34.5668170188767;219.092369705595
808;34.5849986328918;219.14818847108
809;34.6031669521868;219.203839580026
810;34.6213219626806;219.259323543547
811;34.6394636504065;219.31464087119
812;34.6575920015114;219.369792070936
813;34.675707002256;219.42477764921
814;34.6938086390136;219.479598110882
815;34.7118968982705;219.534253959274
816;34.7299717666248;219.588745696162
817;34.7480332307863;219.643073821785
818;34.7660812775762;219.697238834845
819;34.7841158939264;219.751241232515
820;34.8021370668792;219.805081510445
821;34.8201447835869;219.85876016276
822;34.8381390313112;219.912277682072
823;34.8561197974231;219.965634559482
824;34.8740870694022;220.018831284583
825;34.8920408348361;220.071868345466
826;34.9099810814205;220.124746228727
827;34.9279077969584;220.177465419467
828;34.9458209693599;220.2300264013
829;34.9637205866414;220.282429656355
830;34.9816066369257;220.334675665283
831;34.9994791084411;220.386764907261
832;35.0173379895214;220.438697859997
833;35.0351832686053;220.49047499973
834;35.0530149342357;220.542096801242
835;35.07083297506;220.593563737857
836;35.0886373798289;220.644876281446
837;35.1064281373965;220.696034902436
838;35.1242052367198;220.747040069807
839;35.1419686668581;220.797892251103
840;35.159718416973;220.848591912433
841;35.1774544763275;220.899139518477
842;35.1951768342858;220.949535532488
843;35.2128854803132;220.9997804163
844;35.2305804039752;221.04987463033
845;35.2482615949374;221.099818633582
846;35.2659290429651;221.149612883653
847;35.2835827379229;221.199257836736
848;35.301222669774;221.248753947625
849;35.3188488285804;221.29810166972
850;35.336461204502;221.347301455028
851;35.3540597877963;221.396353754172
852;35.3716445688183;221.445259016392
853;35.3892155380198;221.49401768955
854;35.4067726859492;221.542630220135
855;35.4243160032508;221.591097053266
856;35.441845480665;221.639418632698
857;35.4593611090275;221.687595400824
858;35.4768628792687;221.735627798681
859;35.494350782414;221.783516265952
860;35.5118248095828;221.831261240973
861;35.5292849519886;221.878863160736
862;35.546731200938;221.926322460892
863;35.5641635478312;221.973639575755
864;35.5815819841608;222.020814938309
865;35.5989865015119;222.06784898021
866;35.6163770915615;222.114742131788
867;35.6337537460785;222.161494822058
868;35.6511164569227;222.208107478714
869;35.668465216045;222.254580528142
870;35.685800015487;222.300914395419
871;35.7031208473801;222.34710950432
872;35.7204277039458;222.393166277318
873;35.737720577495;222.439085135593
874;35.7549994604276;222.484866499032
875;35.7722643452322;222.530510786236
876;35.7895152244859;222.57601841452
877;35.8067520908539;222.621389799922
878;35.8239749370887;222.666625357202
879;35.8411837560305;222.711725499849
880;35.8583785406062;222.756690640087
881;35.8755592838295;222.801521188871
882;35.8927259788001;222.8462175559
883;35.9098786187038;222.890780149614
884;35.9270171968119;222.935209377203
885;35.9441417064809;222.979505644608
886;35.9612521411522;223.023669356523
887;35.9783484943517;223.067700916405
888;35.9954307596894;223.111600726471
889;36.0124989308593;223.155369187706
890;36.0295530016387;223.199006699866
891;36.0465929658881;223.24251366148
892;36.063618817551;223.285890469858
893;36.0806305506531;223.329137521088
894;36.0976281593024;223.372255210046
895;36.1146116376886;223.415243930398
896;36.1315809800831;223.458104074601
897;36.1485361808382;223.500836033911
898;36.165477234387;223.543440198383
899;36.1824041352433;223.585916956877
900;36.1993168780007;223.62826669706
901;36.216215457333;223.670489805413
902;36.2330998679933;223.712586667228
903;36.2499701048138;223.75455766662
904;36.2668261627056;223.796403186525
905;36.2836680366583;223.838123608703
906;36.3004957217397;223.879719313748
907;36.3173092130955;223.921190681083
908;36.334108505949;223.962538088972
909;36.3508935956005;224.003761914515
910;36.3676644774275;224.04486253366
911;36.3844211468838;224.085840321201
912;36.4011635994998;224.126695650783
913;36.4178918308815;224.167428894905
914;36.4346058367109;224.208040424926
915;36.4513056127452;224.248530611066
916;36.4679911548163;224.28889982241
917;36.4846624588314;224.329148426911
918;36.5013195207717;224.369276791396
919;36.5179623366925;224.409285281566
920;36.534590902723;224.449174262002
921;36.551205215066;224.488944096167
922;36.5678052699971;224.52859514641
923;36.5843910638651;224.56812777397
924;36.6009625930913;224.607542338979
925;36.617519854169;224.646839200464
926;36.6340628436639;224.686018716353
927;36.650591558213;224.725081243477
928;36.6671059945248;224.764027137572
929;36.6836061493788;224.802856753284
930;36.7000920196254;224.841570444174
931;36.7165636021852;224.880168562718
932;36.7330208940493;224.918651460311
933;36.7494638922783;224.957019487273
934;36.7658925940029;224.995272992849
935;36.7823069964225;225.033412325214
936;36.7987070968059;225.071437831477
937;36.8150928924905;225.109349857682
938;36.8314643808821;225.147148748813
939;36.8478215594545;225.184834848797
940;36.8641644257497;225.222408500507
941;36.8804929773769;225.259870045765
942;36.8968072120127;225.297219825346
943;36.9131071274008;225.33445817898
944;36.9293927213513;225.371585445358
945;36.9456639917411;225.40860196213
946;36.9619209365129;225.445508065915
947;36.9781635536755;225.482304092296
948;36.9943918413032;225.518990375833
949;37.0106057975355;225.555567250056
950;37.0268054205771;225.592035047477
951;37.0429907086973;225.628394099587
952;37.0591616602298;225.664644736861
953;37.0753182735729;225.700787288763
954;37.0914605471883;225.736822083746
955;37.1075884796016;225.772749449258
956;37.1237020694019;225.808569711743
957;37.1398013152411;225.844283196644
958;37.1558862158342;225.879890228409
959;37.1719567699586;225.915391130491
960;37.1880129764541;225.950786225351
961;37.2040548342225;225.986075834463
962;37.2200823422273;226.021260278316
963;37.2360954994935;226.056339876418
964;37.2520943051074;226.091314947296
965;37.2680787582162;226.126185808503
966;37.284048858028;226.160952776619
967;37.3000046038111;226.195616167254
968;37.3159459948941;226.230176295049
969;37.3318730306654;226.264633473685
970;37.3477857105733;226.29898801588
971;37.3636840341253;226.333240233393
972;37.379568000888;226.36739043703
973;37.3954376104872;226.401438936643
974;37.4112928626071;226.435386041137
975;37.4271337569902;226.469232058469
976;37.4429602934373;226.502977295653
977;37.458772471807;226.536622058763
978;37.4745702920157;226.570166652936
979;37.4903537540368;226.603611382373
980;37.5061228579011;226.636956550344
981;37.5218776036962;226.670202459189
982;37.5376179915664;226.703349410324
983;37.5533440217121;226.736397704239
984;37.5690556943903;226.769347640508
985;37.5847530099134;226.802199517782
986;37.6004359686497;226.8349536338
987;37.6161045710228;226.867610285391
988;37.6317588175115;226.900169768472
989;37.6473987086495;226.932632378053
990;37.6630242450252;226.964998408244
991;37.6786354272812;226.997268152251
992;37.6942322561146;227.029441902384
993;37.7098147322762;227.061519950057
994;37.7253828565706;227.093502585791
995;37.740936629856;227.125390099218
996;37.7564760530435;227.157182779083
997;37.7720011270975;227.188880913246
998;37.787511853035;227.220484788687
999;37.8030082319256;227.251994691505
1000;37.8184902648911;227.283410906924
1001;37.8339579531055;227.314733719296
1002;37.8494112977944;227.345963412099
1003;37.8648503002353;227.377100267945
1004;37.8802749617568;227.408144568581
1005;37.8956852837388;227.43909659489
1006;37.9110812676119;227.469956626896
1007;37.9264629148577;227.500724943764
1008;37.9418302270079;227.531401823806
1009;37.9571832056446;227.56198754448
1010;37.9725218524;227.592482382395
1011;37.987846168956;227.622886613315
1012;38.0031561570438;227.653200512156
1013;38.0184518184443;227.683424352995
1014;38.0337331549873;227.713558409069
1015;38.0490001685515;227.743602952779
1016;38.0642528610643;227.773558255691
1017;38.0794912345016;227.803424588539
1018;38.0947152908873;227.83320222123
1019;38.1099250322936;227.862891422843
1020;38.1251204608402;227.892492461634
1021;38.1403015786947;227.922005605038
1022;38.1554683880717;227.95143111967
1023;38.1706208912331;227.980769271329
1024;38.1857590904877;228.010020325002
1025;38.2008829881912;228.039184544863
1026;38.2159925867454;228.068262194277
1027;38.2310878885987;228.097253535804
1028;38.2461688962455;228.1261588312
1029;38.261235612226;228.154978341419
1030;38.2762880391261;228.183712326616
1031;38.291326179577;228.212361046151
1032;38.3063500362554;228.240924758588
1033;38.3213596118829;228.269403721702
1034;38.3363549092257;228.297798192476
1035;38.3513359310949;228.32610842711
1036;38.3663026803459;228.354334681016
1037;38.3812551598783;228.382477208826
1038;38.3961933726357;228.410536264393
1039;38.4111173216054;228.438512100791
1040;38.4260270098184;228.466404970323
1041;38.4409224403491;228.494215124516
1042;38.4558036163149;228.521942814129
1043;38.4706705408764;228.549588289153
1044;38.4855232172369;228.577151798814
1045;38.5003616486422;228.604633591575
1046;38.5151858383805;228.632033915139
1047;38.5299957897824;228.65935301645
1048;38.5447915062202;228.686591141697
1049;38.5595729911081;228.713748536316
1050;38.574340247902;228.74082544499
1051;38.589093280099;228.767822111654
1052;38.6038320912376;228.794738779498
1053;38.6185566848972;228.821575690966
1054;38.6332670646979;228.848333087759
1055;38.6479632343007;228.875011210842
1056;38.6626451974068;228.90161030044
1057;38.6773129577578;228.928130596042
1058;38.6919665191353;228.954572336406
1059;38.7066058853607;228.980935759559
1060;38.721231060295;229.007221102799
1061;38.735842047839;229.033428602698
1062;38.7504388519324;229.059558495105
1063;38.7650214765544;229.085611015146
1064;38.7795899257227;229.111586397228
1065;38.7941442034941;229.137484875041
1066;38.8086843139638;229.163306681559
1067;38.8232102612652;229.189052049046
1068;38.8377220495703;229.21472120905
1069;38.8522196830887;229.240314392416
1070;38.866703166068;229.26583182928
1071;38.8811725027933;229.291273749074
1072;38.8956276975874;229.316640380529
1073;38.9100687548102;229.341931951674
1074;38.9244956788586;229.367148689842
1075;38.9389084741666;229.392290821672
1076;38.9533071452049;229.417358573106
1077;38.9676916964806;229.442352169397
1078;38.9820621325374;229.467271835109
1079;38.996418457955;229.492117794117
1080;39.0107606773493;229.516890269615
1081;39.0250887953718;229.541589484109
1082;39.0394028167101;229.566215659429
1083;39.0537027460868;229.590769016723
1084;39.0679885882602;229.615249776465
1085;39.0822603480236;229.639658158453
1086;39.0965180302052;229.663994381812
1087;39.1107616396682;229.688258664999
1088;39.1249911813103;229.712451225802
1089;39.1392066600638;229.73657228134
1090;39.153408080895;229.760622048072
1091;39.1675954488047;229.784600741792
1092;39.1817687688274;229.808508577636
1093;39.1959280460316;229.832345770079
1094;39.2100732855192;229.856112532944
1095;39.2242044924256;229.879809079396
1096;39.2383216719196;229.903435621951
1097;39.2524248292031;229.926992372474
1098;39.2665139695109;229.95047954218
1099;39.2805890981105;229.973897341642
1100;39.2946502203024;229.997245980785
1101;39.308697341419;230.020525668895
1102;39.3227304668256;230.043736614616
1103;39.3367496019191;230.066879025954
1104;39.3507547521287;230.089953110281
1105;39.3647459229155;230.112959074331
1106;39.3787231197719;230.13589712421
1107;39.392686348222;230.158767465391
1108;39.4066356138214;230.181570302718
1109;39.4205709221566;230.204305840411
1110;39.4344922788452;230.226974282065
1111;39.4483996895357;230.24957583065
1112;39.4622931599073;230.272110688518
1113;39.4761726956698;230.294579057401
1114;39.4900383025633;230.316981138415
1115;39.5038899863582;230.33931713206
1116;39.5177277528548;230.361587238222
1117;39.5315516078837;230.38379165618
1118;39.5453615573049;230.405930584598
1119;39.5591576070082;230.428004221536
1120;39.5729397629128;230.450012764449
1121;39.5867080309673;230.471956410186
1122;39.6004624171495;230.493835354995
1123;39.614202927466;230.515649794525
1124;39.6279295679524;230.537399923824
1125;39.6416423446731;230.559085937348
1126;39.6553412637209;230.580708028954
1127;39.6690263312171;230.60226639191
1128;39.6826975533111;230.62376121889
1129;39.6963549361808;230.645192701981
1130;39.7099984860317;230.666561032683
1131;39.7236282090972;230.687866401909
1132;39.7372441116385;230.709108999988
1133;39.7508461999443;230.730289016671
1134;39.7644344803306;230.751406641124
1135;39.7780089591407;230.772462061937
1136;39.791569642745;230.793455467125
1137;39.8051165375408;230.814387044125
1138;39.8186496499522;230.835256979804
1139;39.8321689864302;230.856065460455
1140;39.8456745534519;230.876812671805
1141;39.8591663575212;230.89749879901
1142;39.8726444051681;230.918124026661
1143;39.8861087029485;230.938688538787
1144;39.8995592574446;230.959192518851
1145;39.9129960752642;230.979636149757
1146;39.9264191630408;231.000019613851
1147;39.9398285274336;231.02034309292
1148;39.953224175127;231.040606768196
1149;39.9666061128308;231.060810820357
1150;39.97997434728;231.080955429529
1151;39.9933288852343;231.101040775286
1152;40.0066697334786;231.121067036657
1153;40.0199968988223;231.14103439212
1154;40.0333103880996;231.160943019608
1155;40.0466102081689;231.180793096513
1156;40.0598963659132;231.200584799683
1157;40.0731688682394;231.220318305424
1158;40.0864277220786;231.239993789506
1159;40.099672934386;231.25961142716
1160;40.1129045121402;231.279171393084
1161;40.1261224623438;231.298673861438
1162;40.1393267920227;231.318119005854
1163;40.1525175082264;231.337506999431
1164;40.1656946180275;231.356838014741
1165;40.1788581285219;231.376112223825
1166;40.1920080468282;231.395329798203
1167;40.2051443800883;231.414490908867
1168;40.2182671354665;231.43359572629
1169;40.2313763201499;231.452644420421
1170;40.2444719413482;231.471637160691
1171;40.2575540062931;231.490574116015
1172;40.270622522239;231.509455454789
1173;40.283677496462;231.528281344896
1174;40.2967189362604;231.547051953707
1175;40.3097468489545;231.56576744808
1176;40.3227612418861;231.584427994364
1177;40.3357621224187;231.603033758399
1178;40.3487494979372;231.621584905521
1179;40.3617233758482;231.640081600557
1180;40.3746837635792;231.658524007833
1181;40.3876306685789;231.676912291173
1182;40.4005640983172;231.6952466139
1183;40.4134840602846;231.713527138838
1184;40.4263905619925;231.731754028314
1185;40.439283610973;231.749927444158
1186;40.4521632147787;231.768047547708
1187;40.4650293809825;231.786114499807
1188;40.4778821171777;231.804128460807
1189;40.4907214309776;231.822089590572
1190;40.5035473300158;231.839998048476
1191;40.5163598219456;231.857853993406
1192;40.5291589144402;231.875657583765
1193;40.5419446151925;231.893408977471
1194;40.554716931915;231.911108331962
1195;40.5674758723396;231.928755804191
1196;40.5802214442176;231.946351550636
1197;40.5929536553194;231.963895727294
1198;40.6056725134348;231.981388489688
1199;40.6183780263722;231.998829992864
1200;40.6310702019593;232.016220391396
